Workbook

Sheet Assumptions
B2: 借貸成本敏感度分析 — 假設 (Assumptions)
B4: 核心參數
B5: SGD 利率 (borrow SGD) | C5: 0.045 | D5: 藍字=可調整輸入。基準SGD借款利率
B6: USD 利率 (borrow USD) | C6: =C5-C7/10000 -> 0.02 | D6: 公式: = SGD利率 − Spread/10000 (自動維持一致)
B7: 利率 Spread (SGD − USD, bps) | C7: 250 | D7: 目前 250 bps；改此值會反推USD利率
B8: SGD/USD 即期匯率 (1 SGD = ? USD) | C8: 0.775 | D8: 1 新幣可換得的美金。0.775 表示 1 SGD = 0.775 USD
B9: 借款本金 (以本幣計) | C9: 100 | D9: 名目本金，單位百萬 (mm)。純為換算方便
B10: 借款期間 (年) | C10: 1 | D10: 1年 = 直接年化利率比較
B12: 匯率情境設定
B13: 情境貶/升值下限 | C13: -0.1 | D13: 本幣相對外幣變動的最不利/最有利端
B14: 情境貶/升值上限 | C14: 0.1
B15: 情境步長 | C15: 0.05 | D15: 格點間距
B17: 利率情境設定
B18: 利率衝擊下限 (bps) | C18: -100 | D18: 對兩邊利率同步施加的平行衝擊
B19: 利率衝擊上限 (bps) | C19: 100
B20: 利率衝擊步長 (bps) | C20: 50
B22: 說明
B23: • 「考慮匯兌風險的借貸成本」= 名目利率 + 借款期間內本幣相對外幣的貶值(%)。
B24: • 借外幣時，若本幣貶值，還款換算回本幣的成本上升 → 有效成本 = (1+外幣利率)×(1+外幣升值) − 1。
B25: • FX情境以「本幣相對外幣的變動」表示：正值=本幣升值(對借外幣者有利)，負值=本幣貶值。
B26: • 兩張情境表分別以 SGD 與 USD 為記帳(home)幣別，直接比較誰的全包成本較低。

Sheet FX情境_SGD記帳
B2: 情境表：以 SGD 記帳，借 USD vs 借 SGD 的全包成本
B3: 情境：借USD、以SGD衡量成本。若SGD貶值(列為負)，USD債務換回SGD變貴。
B5: 借 SGD 名目利率 | E5: =Assumptions!$C$5 -> 0.045
B6: 借 USD 名目利率 | E6: =Assumptions!$C$6 -> 0.02
B7: 借 SGD 的全包成本 (無匯兌風險) | E7: =E5 -> 0.045
B10: 借 USD 的全包成本 (含匯兌，以 SGD 衡量)
B11: 列 = SGD 相對 USD 的變動 (正=升值)
B12: SGD 變動 | C12: 借USD全包成本 | D12: 借SGD成本 | E12: 成本差 (借外幣−借本幣) | F12: 較優選擇
B13: =Assumptions!$C$13 + 0*Assumptions!$C$15 -> -0.1 | C13: =(1+$E$6)/(1+B13)-1 -> 0.13333333 | D13: =$E$7 -> 0.045 | E13: =C13-D13 -> 0.088333333 | F13: =IF(C13<D13,"借USD","借SGD") -> 借SGD
B14: =Assumptions!$C$13 + 1*Assumptions!$C$15 -> -0.05 | C14: =(1+$E$6)/(1+B14)-1 -> 0.073684211 | D14: =$E$7 -> 0.045 | E14: =C14-D14 -> 0.028684211 | F14: =IF(C14<D14,"借USD","借SGD") -> 借SGD
B15: =Assumptions!$C$13 + 2*Assumptions!$C$15 -> 0 | C15: =(1+$E$6)/(1+B15)-1 -> 0.02 | D15: =$E$7 -> 0.045 | E15: =C15-D15 -> -0.025 | F15: =IF(C15<D15,"借USD","借SGD") -> 借USD
B16: =Assumptions!$C$13 + 3*Assumptions!$C$15 -> 0.05 | C16: =(1+$E$6)/(1+B16)-1 -> -0.028571429 | D16: =$E$7 -> 0.045 | E16: =C16-D16 -> -0.073571429 | F16: =IF(C16<D16,"借USD","借SGD") -> 借USD
B17: =Assumptions!$C$13 + 4*Assumptions!$C$15 -> 0.1 | C17: =(1+$E$6)/(1+B17)-1 -> -0.072727273 | D17: =$E$7 -> 0.045 | E17: =C17-D17 -> -0.11772727 | F17: =IF(C17<D17,"借USD","借SGD") -> 借USD
B20: 損益兩平 FX 變動 (借外幣=借本幣時的本幣升貶): | E20: =(1+$E$6)/(1+$E$7)-1 -> -0.023923445
B21: → 若 SGD 貶值超過此幅度，借 USD 反而較貴。

Sheet FX情境_USD記帳
B2: 情境表：以 USD 記帳，借 SGD vs 借 USD 的全包成本
B3: 情境：借SGD、以USD衡量成本。若USD貶值(列為負)，SGD債務換回USD變貴。
B5: 借 USD 名目利率 | E5: =Assumptions!$C$6 -> 0.02
B6: 借 SGD 名目利率 | E6: =Assumptions!$C$5 -> 0.045
B7: 借 USD 的全包成本 (無匯兌風險) | E7: =E5 -> 0.02
B10: 借 SGD 的全包成本 (含匯兌，以 USD 衡量)
B11: 列 = USD 相對 SGD 的變動 (正=升值)
B12: USD 變動 | C12: 借SGD全包成本 | D12: 借USD成本 | E12: 成本差 (借外幣−借本幣) | F12: 較優選擇
B13: =Assumptions!$C$13 + 0*Assumptions!$C$15 -> -0.1 | C13: =(1+$E$6)/(1+B13)-1 -> 0.16111111 | D13: =$E$7 -> 0.02 | E13: =C13-D13 -> 0.14111111 | F13: =IF(C13<D13,"借SGD","借USD") -> 借USD
B14: =Assumptions!$C$13 + 1*Assumptions!$C$15 -> -0.05 | C14: =(1+$E$6)/(1+B14)-1 -> 0.1 | D14: =$E$7 -> 0.02 | E14: =C14-D14 -> 0.08 | F14: =IF(C14<D14,"借SGD","借USD") -> 借USD
B15: =Assumptions!$C$13 + 2*Assumptions!$C$15 -> 0 | C15: =(1+$E$6)/(1+B15)-1 -> 0.045 | D15: =$E$7 -> 0.02 | E15: =C15-D15 -> 0.025 | F15: =IF(C15<D15,"借SGD","借USD") -> 借USD
B16: =Assumptions!$C$13 + 3*Assumptions!$C$15 -> 0.05 | C16: =(1+$E$6)/(1+B16)-1 -> -0.0047619048 | D16: =$E$7 -> 0.02 | E16: =C16-D16 -> -0.024761905 | F16: =IF(C16<D16,"借SGD","借USD") -> 借SGD
B17: =Assumptions!$C$13 + 4*Assumptions!$C$15 -> 0.1 | C17: =(1+$E$6)/(1+B17)-1 -> -0.05 | D17: =$E$7 -> 0.02 | E17: =C17-D17 -> -0.07 | F17: =IF(C17<D17,"借SGD","借USD") -> 借SGD
B20: 損益兩平 FX 變動 (借外幣=借本幣時的本幣升貶): | E20: =(1+$E$6)/(1+$E$7)-1 -> 0.024509804
B21: → 若 USD 貶值超過此幅度，借 SGD 反而較貴。

Sheet 2D敏感度_SGD借USD
B2: 二維敏感度：借 USD 全包成本 (以 SGD 衡量)
B3: 列 = 利率平行衝擊 (bps，兩邊同步) ; 欄 = SGD 相對 USD 變動 (正=升值)
B6: USD利率+衝擊 \ SGD變動 | C6: =Assumptions!$C$13 + 0*Assumptions!$C$15 -> -0.1 | D6: =Assumptions!$C$13 + 1*Assumptions!$C$15 -> -0.05 | E6: =Assumptions!$C$13 + 2*Assumptions!$C$15 -> 0 | F6: =Assumptions!$C$13 + 3*Assumptions!$C$15 -> 0.05 | G6: =Assumptions!$C$13 + 4*Assumptions!$C$15 -> 0.1
B7: =Assumptions!$C$17 + 0*Assumptions!$C$19 -> 0 | C7: =(1+(Assumptions!$C$6+$B7/10000))/(1+C$6)-1 -> 0.13333333 | D7: =(1+(Assumptions!$C$6+$B7/10000))/(1+D$6)-1 -> 0.073684211 | E7: =(1+(Assumptions!$C$6+$B7/10000))/(1+E$6)-1 -> 0.02 | F7: =(1+(Assumptions!$C$6+$B7/10000))/(1+F$6)-1 -> -0.028571429 | G7: =(1+(Assumptions!$C$6+$B7/10000))/(1+G$6)-1 -> -0.072727273
B8: =Assumptions!$C$17 + 1*Assumptions!$C$19 -> 100 | C8: =(1+(Assumptions!$C$6+$B8/10000))/(1+C$6)-1 -> 0.14444444 | D8: =(1+(Assumptions!$C$6+$B8/10000))/(1+D$6)-1 -> 0.084210526 | E8: =(1+(Assumptions!$C$6+$B8/10000))/(1+E$6)-1 -> 0.03 | F8: =(1+(Assumptions!$C$6+$B8/10000))/(1+F$6)-1 -> -0.019047619 | G8: =(1+(Assumptions!$C$6+$B8/10000))/(1+G$6)-1 -> -0.063636364
B9: =Assumptions!$C$17 + 2*Assumptions!$C$19 -> 200 | C9: =(1+(Assumptions!$C$6+$B9/10000))/(1+C$6)-1 -> 0.15555556 | D9: =(1+(Assumptions!$C$6+$B9/10000))/(1+D$6)-1 -> 0.094736842 | E9: =(1+(Assumptions!$C$6+$B9/10000))/(1+E$6)-1 -> 0.04 | F9: =(1+(Assumptions!$C$6+$B9/10000))/(1+F$6)-1 -> -0.0095238095 | G9: =(1+(Assumptions!$C$6+$B9/10000))/(1+G$6)-1 -> -0.054545455
B10: =Assumptions!$C$17 + 3*Assumptions!$C$19 -> 300 | C10: =(1+(Assumptions!$C$6+$B10/10000))/(1+C$6)-1 -> 0.16666667 | D10: =(1+(Assumptions!$C$6+$B10/10000))/(1+D$6)-1 -> 0.10526316 | E10: =(1+(Assumptions!$C$6+$B10/10000))/(1+E$6)-1 -> 0.05 | F10: =(1+(Assumptions!$C$6+$B10/10000))/(1+F$6)-1 -> 0 | G10: =(1+(Assumptions!$C$6+$B10/10000))/(1+G$6)-1 -> -0.045454545
B11: =Assumptions!$C$17 + 4*Assumptions!$C$19 -> 400 | C11: =(1+(Assumptions!$C$6+$B11/10000))/(1+C$6)-1 -> 0.17777778 | D11: =(1+(Assumptions!$C$6+$B11/10000))/(1+D$6)-1 -> 0.11578947 | E11: =(1+(Assumptions!$C$6+$B11/10000))/(1+E$6)-1 -> 0.06 | F11: =(1+(Assumptions!$C$6+$B11/10000))/(1+F$6)-1 -> 0.0095238095 | G11: =(1+(Assumptions!$C$6+$B11/10000))/(1+G$6)-1 -> -0.036363636
B13: 對照：借SGD全包成本 (基準利率，隨衝擊)
B14: 借SGD成本 = SGD利率 + 同步衝擊 (無匯兌風險)

Sheet 2D敏感度_USD借SGD
B2: 二維敏感度：借 SGD 全包成本 (以 USD 衡量)
B3: 列 = 利率平行衝擊 (bps，兩邊同步) ; 欄 = USD 相對 SGD 變動 (正=升值)
B6: SGD利率+衝擊 \ USD變動 | C6: =Assumptions!$C$13 + 0*Assumptions!$C$15 -> -0.1 | D6: =Assumptions!$C$13 + 1*Assumptions!$C$15 -> -0.05 | E6: =Assumptions!$C$13 + 2*Assumptions!$C$15 -> 0 | F6: =Assumptions!$C$13 + 3*Assumptions!$C$15 -> 0.05 | G6: =Assumptions!$C$13 + 4*Assumptions!$C$15 -> 0.1
B7: =Assumptions!$C$17 + 0*Assumptions!$C$19 -> 0 | C7: =(1+(Assumptions!$C$5+$B7/10000))/(1+C$6)-1 -> 0.16111111 | D7: =(1+(Assumptions!$C$5+$B7/10000))/(1+D$6)-1 -> 0.1 | E7: =(1+(Assumptions!$C$5+$B7/10000))/(1+E$6)-1 -> 0.045 | F7: =(1+(Assumptions!$C$5+$B7/10000))/(1+F$6)-1 -> -0.0047619048 | G7: =(1+(Assumptions!$C$5+$B7/10000))/(1+G$6)-1 -> -0.05
B8: =Assumptions!$C$17 + 1*Assumptions!$C$19 -> 100 | C8: =(1+(Assumptions!$C$5+$B8/10000))/(1+C$6)-1 -> 0.17222222 | D8: =(1+(Assumptions!$C$5+$B8/10000))/(1+D$6)-1 -> 0.11052632 | E8: =(1+(Assumptions!$C$5+$B8/10000))/(1+E$6)-1 -> 0.055 | F8: =(1+(Assumptions!$C$5+$B8/10000))/(1+F$6)-1 -> 0.0047619048 | G8: =(1+(Assumptions!$C$5+$B8/10000))/(1+G$6)-1 -> -0.040909091
B9: =Assumptions!$C$17 + 2*Assumptions!$C$19 -> 200 | C9: =(1+(Assumptions!$C$5+$B9/10000))/(1+C$6)-1 -> 0.18333333 | D9: =(1+(Assumptions!$C$5+$B9/10000))/(1+D$6)-1 -> 0.12105263 | E9: =(1+(Assumptions!$C$5+$B9/10000))/(1+E$6)-1 -> 0.065 | F9: =(1+(Assumptions!$C$5+$B9/10000))/(1+F$6)-1 -> 0.014285714 | G9: =(1+(Assumptions!$C$5+$B9/10000))/(1+G$6)-1 -> -0.031818182
B10: =Assumptions!$C$17 + 3*Assumptions!$C$19 -> 300 | C10: =(1+(Assumptions!$C$5+$B10/10000))/(1+C$6)-1 -> 0.19444444 | D10: =(1+(Assumptions!$C$5+$B10/10000))/(1+D$6)-1 -> 0.13157895 | E10: =(1+(Assumptions!$C$5+$B10/10000))/(1+E$6)-1 -> 0.075 | F10: =(1+(Assumptions!$C$5+$B10/10000))/(1+F$6)-1 -> 0.023809524 | G10: =(1+(Assumptions!$C$5+$B10/10000))/(1+G$6)-1 -> -0.022727273
B11: =Assumptions!$C$17 + 4*Assumptions!$C$19 -> 400 | C11: =(1+(Assumptions!$C$5+$B11/10000))/(1+C$6)-1 -> 0.20555556 | D11: =(1+(Assumptions!$C$5+$B11/10000))/(1+D$6)-1 -> 0.14210526 | E11: =(1+(Assumptions!$C$5+$B11/10000))/(1+E$6)-1 -> 0.085 | F11: =(1+(Assumptions!$C$5+$B11/10000))/(1+F$6)-1 -> 0.033333333 | G11: =(1+(Assumptions!$C$5+$B11/10000))/(1+G$6)-1 -> -0.013636364
B13: 對照：借USD全包成本 (基準利率，隨衝擊)
B14: 借USD成本 = USD利率 + 同步衝擊 (無匯兌風險)
