Workbook

Sheet Assumptions
B2: 借貸成本敏感度分析 — 假設
B3: 藍字 = 可調整輸入 ; 黑字 = 公式
B5: 利率參數
B6: SGD 借款利率 | C6: 0.012 | D6: 新幣借款利率（較低）
B7: 利差 USD − SGD (bps) | C7: 250 | D7: USD 利率高於 SGD 的幅度
B8: USD 借款利率 | C8: =C6+C7/10000 -> 0.037 | D8: SGD 利率 + 利差/10000（自動維持一致）
B10: 匯率參數
B11: SGD/USD 即期匯率 | C11: 0.775 | D11: 1 SGD = 0.775 USD
B12: 借款期間 (年) | C12: 1 | D12: 1 年 = 直接年化比較
B14: 情境格點設定
B15: 利差起點 (bps) | C15: 0 | D15: Analysis 表的列（縱向）
B16: 利差步長 (bps) | C16: 25 | D16: 預設 0→500bps，共 21 列
B17: SGD 變動起點 | C17: -0.15 | D17: Analysis 表的欄（橫向）
B18: SGD 變動步長 | C18: 0.025 | D18: 預設 −15%→+15%，共 13 欄
B20: 模型說明
B21: • 以 SGD 為記帳幣別。借 SGD 無匯兌風險，成本 = SGD 利率。
B22: • 借 USD 有匯兌風險：全包成本(以SGD衡量) = (1 + USD利率) ÷ (1 + SGD變動) − 1。
B23: • SGD 變動為「SGD 相對 USD」：正 = SGD 升值（借 USD 有利），負 = SGD 貶值（借 USD 不利）。
B24: • 成本差 = 借USD − 借SGD。負值(綠) = 借 USD 較省；正值(紅) = 借 SGD 較省。
B25: • 因 SGD 利率較低，匯率不變時借 SGD 佔優；借 USD 需 SGD 升值才划算。
B26: • 此為未避險成本。若以遠期鎖定，CIP 下遠期點數約略抵銷利差。

Sheet Analysis
B2: 敏感度矩陣：借 USD vs 借 SGD 的成本差（以 SGD 衡量）
B3: 列 = USD−SGD 利差 (bps) | 欄 = SGD 相對 USD 變動 (%)
B4: 負值(綠) = 借 USD 較省 | 正值(紅) = 借 SGD 較省 | 0 = 損益兩平
B6: SGD 利率(借SGD成本) | C6: =Assumptions!C6 -> 0.012
B8: 利差(bps) \ SGD變動 | C8: =Assumptions!$C$17 + 0*Assumptions!$C$18 -> -0.15 | D8: =Assumptions!$C$17 + 1*Assumptions!$C$18 -> -0.125 | E8: =Assumptions!$C$17 + 2*Assumptions!$C$18 -> -0.1 | F8: =Assumptions!$C$17 + 3*Assumptions!$C$18 -> -0.075 | G8: =Assumptions!$C$17 + 4*Assumptions!$C$18 -> -0.05 | H8: =Assumptions!$C$17 + 5*Assumptions!$C$18 -> -0.025 | I8: =Assumptions!$C$17 + 6*Assumptions!$C$18 -> 0 | J8: =Assumptions!$C$17 + 7*Assumptions!$C$18 -> 0.025 | K8: =Assumptions!$C$17 + 8*Assumptions!$C$18 -> 0.05 | L8: =Assumptions!$C$17 + 9*Assumptions!$C$18 -> 0.075 | M8: =Assumptions!$C$17 + 10*Assumptions!$C$18 -> 0.1 | N8: =Assumptions!$C$17 + 11*Assumptions!$C$18 -> 0.125 | O8: =Assumptions!$C$17 + 12*Assumptions!$C$18 -> 0.15 | P8: 損益兩平SGD變動
B9: =Assumptions!$C$15 + 0*Assumptions!$C$16 -> 0 | C9: =(1+(Assumptions!$C$6 + $B9/10000))/(1+C$8)-1-Assumptions!$C$6 -> 0.17858824 | D9: =(1+(Assumptions!$C$6 + $B9/10000))/(1+D$8)-1-Assumptions!$C$6 -> 0.14457143 | E9: =(1+(Assumptions!$C$6 + $B9/10000))/(1+E$8)-1-Assumptions!$C$6 -> 0.11244444 | F9: =(1+(Assumptions!$C$6 + $B9/10000))/(1+F$8)-1-Assumptions!$C$6 -> 0.082054054 | G9: =(1+(Assumptions!$C$6 + $B9/10000))/(1+G$8)-1-Assumptions!$C$6 -> 0.053263158 | H9: =(1+(Assumptions!$C$6 + $B9/10000))/(1+H$8)-1-Assumptions!$C$6 -> 0.025948718 | I9: =(1+(Assumptions!$C$6 + $B9/10000))/(1+I$8)-1-Assumptions!$C$6 -> 0 | J9: =(1+(Assumptions!$C$6 + $B9/10000))/(1+J$8)-1-Assumptions!$C$6 -> -0.024682927 | ... O9: =(1+(Assumptions!$C$6 + $B9/10000))/(1+O$8)-1-Assumptions!$C$6 -> -0.132 | P9: =(1+(Assumptions!$C$6 + $B9/10000))/(1+Assumptions!$C$6)-1 -> 0
B10: =Assumptions!$C$15 + 1*Assumptions!$C$16 -> 25 | C10: =(1+(Assumptions!$C$6 + $B10/10000))/(1+C$8)-1-Assumptions!$C$6 -> 0.18152941 | D10: =(1+(Assumptions!$C$6 + $B10/10000))/(1+D$8)-1-Assumptions!$C$6 -> 0.14742857 | E10: =(1+(Assumptions!$C$6 + $B10/10000))/(1+E$8)-1-Assumptions!$C$6 -> 0.11522222 | F10: =(1+(Assumptions!$C$6 + $B10/10000))/(1+F$8)-1-Assumptions!$C$6 -> 0.084756757 | G10: =(1+(Assumptions!$C$6 + $B10/10000))/(1+G$8)-1-Assumptions!$C$6 -> 0.055894737 | H10: =(1+(Assumptions!$C$6 + $B10/10000))/(1+H$8)-1-Assumptions!$C$6 -> 0.028512821 | I10: =(1+(Assumptions!$C$6 + $B10/10000))/(1+I$8)-1-Assumptions!$C$6 -> 0.0025 | J10: =(1+(Assumptions!$C$6 + $B10/10000))/(1+J$8)-1-Assumptions!$C$6 -> -0.022243902 | ... O10: =(1+(Assumptions!$C$6 + $B10/10000))/(1+O$8)-1-Assumptions!$C$6 -> -0.12982609 | P10: =(1+(Assumptions!$C$6 + $B10/10000))/(1+Assumptions!$C$6)-1 -> 0.0024703557
B11: =Assumptions!$C$15 + 2*Assumptions!$C$16 -> 50 | C11: =(1+(Assumptions!$C$6 + $B11/10000))/(1+C$8)-1-Assumptions!$C$6 -> 0.18447059 | D11: =(1+(Assumptions!$C$6 + $B11/10000))/(1+D$8)-1-Assumptions!$C$6 -> 0.15028571 | E11: =(1+(Assumptions!$C$6 + $B11/10000))/(1+E$8)-1-Assumptions!$C$6 -> 0.118 | F11: =(1+(Assumptions!$C$6 + $B11/10000))/(1+F$8)-1-Assumptions!$C$6 -> 0.087459459 | G11: =(1+(Assumptions!$C$6 + $B11/10000))/(1+G$8)-1-Assumptions!$C$6 -> 0.058526316 | H11: =(1+(Assumptions!$C$6 + $B11/10000))/(1+H$8)-1-Assumptions!$C$6 -> 0.031076923 | I11: =(1+(Assumptions!$C$6 + $B11/10000))/(1+I$8)-1-Assumptions!$C$6 -> 0.005 | J11: =(1+(Assumptions!$C$6 + $B11/10000))/(1+J$8)-1-Assumptions!$C$6 -> -0.019804878 | ... O11: =(1+(Assumptions!$C$6 + $B11/10000))/(1+O$8)-1-Assumptions!$C$6 -> -0.12765217 | P11: =(1+(Assumptions!$C$6 + $B11/10000))/(1+Assumptions!$C$6)-1 -> 0.0049407115
B12: =Assumptions!$C$15 + 3*Assumptions!$C$16 -> 75 | C12: =(1+(Assumptions!$C$6 + $B12/10000))/(1+C$8)-1-Assumptions!$C$6 -> 0.18741176 | D12: =(1+(Assumptions!$C$6 + $B12/10000))/(1+D$8)-1-Assumptions!$C$6 -> 0.15314286 | E12: =(1+(Assumptions!$C$6 + $B12/10000))/(1+E$8)-1-Assumptions!$C$6 -> 0.12077778 | F12: =(1+(Assumptions!$C$6 + $B12/10000))/(1+F$8)-1-Assumptions!$C$6 -> 0.090162162 | G12: =(1+(Assumptions!$C$6 + $B12/10000))/(1+G$8)-1-Assumptions!$C$6 -> 0.061157895 | H12: =(1+(Assumptions!$C$6 + $B12/10000))/(1+H$8)-1-Assumptions!$C$6 -> 0.033641026 | I12: =(1+(Assumptions!$C$6 + $B12/10000))/(1+I$8)-1-Assumptions!$C$6 -> 0.0075 | J12: =(1+(Assumptions!$C$6 + $B12/10000))/(1+J$8)-1-Assumptions!$C$6 -> -0.017365854 | ... O12: =(1+(Assumptions!$C$6 + $B12/10000))/(1+O$8)-1-Assumptions!$C$6 -> -0.12547826 | P12: =(1+(Assumptions!$C$6 + $B12/10000))/(1+Assumptions!$C$6)-1 -> 0.0074110672
B13: =Assumptions!$C$15 + 4*Assumptions!$C$16 -> 100 | C13: =(1+(Assumptions!$C$6 + $B13/10000))/(1+C$8)-1-Assumptions!$C$6 -> 0.19035294 | D13: =(1+(Assumptions!$C$6 + $B13/10000))/(1+D$8)-1-Assumptions!$C$6 -> 0.156 | E13: =(1+(Assumptions!$C$6 + $B13/10000))/(1+E$8)-1-Assumptions!$C$6 -> 0.12355556 | F13: =(1+(Assumptions!$C$6 + $B13/10000))/(1+F$8)-1-Assumptions!$C$6 -> 0.092864865 | G13: =(1+(Assumptions!$C$6 + $B13/10000))/(1+G$8)-1-Assumptions!$C$6 -> 0.063789474 | H13: =(1+(Assumptions!$C$6 + $B13/10000))/(1+H$8)-1-Assumptions!$C$6 -> 0.036205128 | I13: =(1+(Assumptions!$C$6 + $B13/10000))/(1+I$8)-1-Assumptions!$C$6 -> 0.01 | J13: =(1+(Assumptions!$C$6 + $B13/10000))/(1+J$8)-1-Assumptions!$C$6 -> -0.014926829 | ... O13: =(1+(Assumptions!$C$6 + $B13/10000))/(1+O$8)-1-Assumptions!$C$6 -> -0.12330435 | P13: =(1+(Assumptions!$C$6 + $B13/10000))/(1+Assumptions!$C$6)-1 -> 0.0098814229
B14: =Assumptions!$C$15 + 5*Assumptions!$C$16 -> 125 | C14: =(1+(Assumptions!$C$6 + $B14/10000))/(1+C$8)-1-Assumptions!$C$6 -> 0.19329412 | D14: =(1+(Assumptions!$C$6 + $B14/10000))/(1+D$8)-1-Assumptions!$C$6 -> 0.15885714 | E14: =(1+(Assumptions!$C$6 + $B14/10000))/(1+E$8)-1-Assumptions!$C$6 -> 0.12633333 | F14: =(1+(Assumptions!$C$6 + $B14/10000))/(1+F$8)-1-Assumptions!$C$6 -> 0.095567568 | G14: =(1+(Assumptions!$C$6 + $B14/10000))/(1+G$8)-1-Assumptions!$C$6 -> 0.066421053 | H14: =(1+(Assumptions!$C$6 + $B14/10000))/(1+H$8)-1-Assumptions!$C$6 -> 0.038769231 | I14: =(1+(Assumptions!$C$6 + $B14/10000))/(1+I$8)-1-Assumptions!$C$6 -> 0.0125 | J14: =(1+(Assumptions!$C$6 + $B14/10000))/(1+J$8)-1-Assumptions!$C$6 -> -0.012487805 | ... O14: =(1+(Assumptions!$C$6 + $B14/10000))/(1+O$8)-1-Assumptions!$C$6 -> -0.12113043 | P14: =(1+(Assumptions!$C$6 + $B14/10000))/(1+Assumptions!$C$6)-1 -> 0.012351779
B15: =Assumptions!$C$15 + 6*Assumptions!$C$16 -> 150 | C15: =(1+(Assumptions!$C$6 + $B15/10000))/(1+C$8)-1-Assumptions!$C$6 -> 0.19623529 | D15: =(1+(Assumptions!$C$6 + $B15/10000))/(1+D$8)-1-Assumptions!$C$6 -> 0.16171429 | E15: =(1+(Assumptions!$C$6 + $B15/10000))/(1+E$8)-1-Assumptions!$C$6 -> 0.12911111 | F15: =(1+(Assumptions!$C$6 + $B15/10000))/(1+F$8)-1-Assumptions!$C$6 -> 0.09827027 | G15: =(1+(Assumptions!$C$6 + $B15/10000))/(1+G$8)-1-Assumptions!$C$6 -> 0.069052632 | H15: =(1+(Assumptions!$C$6 + $B15/10000))/(1+H$8)-1-Assumptions!$C$6 -> 0.041333333 | I15: =(1+(Assumptions!$C$6 + $B15/10000))/(1+I$8)-1-Assumptions!$C$6 -> 0.015 | J15: =(1+(Assumptions!$C$6 + $B15/10000))/(1+J$8)-1-Assumptions!$C$6 -> -0.01004878 | ... O15: =(1+(Assumptions!$C$6 + $B15/10000))/(1+O$8)-1-Assumptions!$C$6 -> -0.11895652 | P15: =(1+(Assumptions!$C$6 + $B15/10000))/(1+Assumptions!$C$6)-1 -> 0.014822134
B16: =Assumptions!$C$15 + 7*Assumptions!$C$16 -> 175 | C16: =(1+(Assumptions!$C$6 + $B16/10000))/(1+C$8)-1-Assumptions!$C$6 -> 0.19917647 | D16: =(1+(Assumptions!$C$6 + $B16/10000))/(1+D$8)-1-Assumptions!$C$6 -> 0.16457143 | E16: =(1+(Assumptions!$C$6 + $B16/10000))/(1+E$8)-1-Assumptions!$C$6 -> 0.13188889 | F16: =(1+(Assumptions!$C$6 + $B16/10000))/(1+F$8)-1-Assumptions!$C$6 -> 0.10097297 | G16: =(1+(Assumptions!$C$6 + $B16/10000))/(1+G$8)-1-Assumptions!$C$6 -> 0.071684211 | H16: =(1+(Assumptions!$C$6 + $B16/10000))/(1+H$8)-1-Assumptions!$C$6 -> 0.043897436 | I16: =(1+(Assumptions!$C$6 + $B16/10000))/(1+I$8)-1-Assumptions!$C$6 -> 0.0175 | J16: =(1+(Assumptions!$C$6 + $B16/10000))/(1+J$8)-1-Assumptions!$C$6 -> -0.0076097561 | ... O16: =(1+(Assumptions!$C$6 + $B16/10000))/(1+O$8)-1-Assumptions!$C$6 -> -0.11678261 | P16: =(1+(Assumptions!$C$6 + $B16/10000))/(1+Assumptions!$C$6)-1 -> 0.01729249
B17: =Assumptions!$C$15 + 8*Assumptions!$C$16 -> 200 | C17: =(1+(Assumptions!$C$6 + $B17/10000))/(1+C$8)-1-Assumptions!$C$6 -> 0.20211765 | D17: =(1+(Assumptions!$C$6 + $B17/10000))/(1+D$8)-1-Assumptions!$C$6 -> 0.16742857 | E17: =(1+(Assumptions!$C$6 + $B17/10000))/(1+E$8)-1-Assumptions!$C$6 -> 0.13466667 | F17: =(1+(Assumptions!$C$6 + $B17/10000))/(1+F$8)-1-Assumptions!$C$6 -> 0.10367568 | G17: =(1+(Assumptions!$C$6 + $B17/10000))/(1+G$8)-1-Assumptions!$C$6 -> 0.074315789 | H17: =(1+(Assumptions!$C$6 + $B17/10000))/(1+H$8)-1-Assumptions!$C$6 -> 0.046461538 | I17: =(1+(Assumptions!$C$6 + $B17/10000))/(1+I$8)-1-Assumptions!$C$6 -> 0.02 | J17: =(1+(Assumptions!$C$6 + $B17/10000))/(1+J$8)-1-Assumptions!$C$6 -> -0.0051707317 | ... O17: =(1+(Assumptions!$C$6 + $B17/10000))/(1+O$8)-1-Assumptions!$C$6 -> -0.1146087 | P17: =(1+(Assumptions!$C$6 + $B17/10000))/(1+Assumptions!$C$6)-1 -> 0.019762846
B18: =Assumptions!$C$15 + 9*Assumptions!$C$16 -> 225 | C18: =(1+(Assumptions!$C$6 + $B18/10000))/(1+C$8)-1-Assumptions!$C$6 -> 0.20505882 | D18: =(1+(Assumptions!$C$6 + $B18/10000))/(1+D$8)-1-Assumptions!$C$6 -> 0.17028571 | E18: =(1+(Assumptions!$C$6 + $B18/10000))/(1+E$8)-1-Assumptions!$C$6 -> 0.13744444 | F18: =(1+(Assumptions!$C$6 + $B18/10000))/(1+F$8)-1-Assumptions!$C$6 -> 0.10637838 | G18: =(1+(Assumptions!$C$6 + $B18/10000))/(1+G$8)-1-Assumptions!$C$6 -> 0.076947368 | H18: =(1+(Assumptions!$C$6 + $B18/10000))/(1+H$8)-1-Assumptions!$C$6 -> 0.049025641 | I18: =(1+(Assumptions!$C$6 + $B18/10000))/(1+I$8)-1-Assumptions!$C$6 -> 0.0225 | J18: =(1+(Assumptions!$C$6 + $B18/10000))/(1+J$8)-1-Assumptions!$C$6 -> -0.0027317073 | ... O18: =(1+(Assumptions!$C$6 + $B18/10000))/(1+O$8)-1-Assumptions!$C$6 -> -0.11243478 | P18: =(1+(Assumptions!$C$6 + $B18/10000))/(1+Assumptions!$C$6)-1 -> 0.022233202
B19: =Assumptions!$C$15 + 10*Assumptions!$C$16 -> 250 | C19: =(1+(Assumptions!$C$6 + $B19/10000))/(1+C$8)-1-Assumptions!$C$6 -> 0.208 | D19: =(1+(Assumptions!$C$6 + $B19/10000))/(1+D$8)-1-Assumptions!$C$6 -> 0.17314286 | E19: =(1+(Assumptions!$C$6 + $B19/10000))/(1+E$8)-1-Assumptions!$C$6 -> 0.14022222 | F19: =(1+(Assumptions!$C$6 + $B19/10000))/(1+F$8)-1-Assumptions!$C$6 -> 0.10908108 | G19: =(1+(Assumptions!$C$6 + $B19/10000))/(1+G$8)-1-Assumptions!$C$6 -> 0.079578947 | H19: =(1+(Assumptions!$C$6 + $B19/10000))/(1+H$8)-1-Assumptions!$C$6 -> 0.051589744 | I19: =(1+(Assumptions!$C$6 + $B19/10000))/(1+I$8)-1-Assumptions!$C$6 -> 0.025 | J19: =(1+(Assumptions!$C$6 + $B19/10000))/(1+J$8)-1-Assumptions!$C$6 -> -0.00029268293 | ... O19: =(1+(Assumptions!$C$6 + $B19/10000))/(1+O$8)-1-Assumptions!$C$6 -> -0.11026087 | P19: =(1+(Assumptions!$C$6 + $B19/10000))/(1+Assumptions!$C$6)-1 -> 0.024703557
B20: =Assumptions!$C$15 + 11*Assumptions!$C$16 -> 275 | C20: =(1+(Assumptions!$C$6 + $B20/10000))/(1+C$8)-1-Assumptions!$C$6 -> 0.21094118 | D20: =(1+(Assumptions!$C$6 + $B20/10000))/(1+D$8)-1-Assumptions!$C$6 -> 0.176 | E20: =(1+(Assumptions!$C$6 + $B20/10000))/(1+E$8)-1-Assumptions!$C$6 -> 0.143 | F20: =(1+(Assumptions!$C$6 + $B20/10000))/(1+F$8)-1-Assumptions!$C$6 -> 0.11178378 | G20: =(1+(Assumptions!$C$6 + $B20/10000))/(1+G$8)-1-Assumptions!$C$6 -> 0.082210526 | H20: =(1+(Assumptions!$C$6 + $B20/10000))/(1+H$8)-1-Assumptions!$C$6 -> 0.054153846 | I20: =(1+(Assumptions!$C$6 + $B20/10000))/(1+I$8)-1-Assumptions!$C$6 -> 0.0275 | J20: =(1+(Assumptions!$C$6 + $B20/10000))/(1+J$8)-1-Assumptions!$C$6 -> 0.0021463415 | ... O20: =(1+(Assumptions!$C$6 + $B20/10000))/(1+O$8)-1-Assumptions!$C$6 -> -0.10808696 | P20: =(1+(Assumptions!$C$6 + $B20/10000))/(1+Assumptions!$C$6)-1 -> 0.027173913
B21: =Assumptions!$C$15 + 12*Assumptions!$C$16 -> 300 | C21: =(1+(Assumptions!$C$6 + $B21/10000))/(1+C$8)-1-Assumptions!$C$6 -> 0.21388235 | D21: =(1+(Assumptions!$C$6 + $B21/10000))/(1+D$8)-1-Assumptions!$C$6 -> 0.17885714 | E21: =(1+(Assumptions!$C$6 + $B21/10000))/(1+E$8)-1-Assumptions!$C$6 -> 0.14577778 | F21: =(1+(Assumptions!$C$6 + $B21/10000))/(1+F$8)-1-Assumptions!$C$6 -> 0.11448649 | G21: =(1+(Assumptions!$C$6 + $B21/10000))/(1+G$8)-1-Assumptions!$C$6 -> 0.084842105 | H21: =(1+(Assumptions!$C$6 + $B21/10000))/(1+H$8)-1-Assumptions!$C$6 -> 0.056717949 | I21: =(1+(Assumptions!$C$6 + $B21/10000))/(1+I$8)-1-Assumptions!$C$6 -> 0.03 | J21: =(1+(Assumptions!$C$6 + $B21/10000))/(1+J$8)-1-Assumptions!$C$6 -> 0.0045853659 | ... O21: =(1+(Assumptions!$C$6 + $B21/10000))/(1+O$8)-1-Assumptions!$C$6 -> -0.10591304 | P21: =(1+(Assumptions!$C$6 + $B21/10000))/(1+Assumptions!$C$6)-1 -> 0.029644269
B22: =Assumptions!$C$15 + 13*Assumptions!$C$16 -> 325 | C22: =(1+(Assumptions!$C$6 + $B22/10000))/(1+C$8)-1-Assumptions!$C$6 -> 0.21682353 | D22: =(1+(Assumptions!$C$6 + $B22/10000))/(1+D$8)-1-Assumptions!$C$6 -> 0.18171429 | E22: =(1+(Assumptions!$C$6 + $B22/10000))/(1+E$8)-1-Assumptions!$C$6 -> 0.14855556 | F22: =(1+(Assumptions!$C$6 + $B22/10000))/(1+F$8)-1-Assumptions!$C$6 -> 0.11718919 | G22: =(1+(Assumptions!$C$6 + $B22/10000))/(1+G$8)-1-Assumptions!$C$6 -> 0.087473684 | H22: =(1+(Assumptions!$C$6 + $B22/10000))/(1+H$8)-1-Assumptions!$C$6 -> 0.059282051 | I22: =(1+(Assumptions!$C$6 + $B22/10000))/(1+I$8)-1-Assumptions!$C$6 -> 0.0325 | J22: =(1+(Assumptions!$C$6 + $B22/10000))/(1+J$8)-1-Assumptions!$C$6 -> 0.0070243902 | ... O22: =(1+(Assumptions!$C$6 + $B22/10000))/(1+O$8)-1-Assumptions!$C$6 -> -0.10373913 | P22: =(1+(Assumptions!$C$6 + $B22/10000))/(1+Assumptions!$C$6)-1 -> 0.032114625
B23: =Assumptions!$C$15 + 14*Assumptions!$C$16 -> 350 | C23: =(1+(Assumptions!$C$6 + $B23/10000))/(1+C$8)-1-Assumptions!$C$6 -> 0.21976471 | D23: =(1+(Assumptions!$C$6 + $B23/10000))/(1+D$8)-1-Assumptions!$C$6 -> 0.18457143 | E23: =(1+(Assumptions!$C$6 + $B23/10000))/(1+E$8)-1-Assumptions!$C$6 -> 0.15133333 | F23: =(1+(Assumptions!$C$6 + $B23/10000))/(1+F$8)-1-Assumptions!$C$6 -> 0.11989189 | G23: =(1+(Assumptions!$C$6 + $B23/10000))/(1+G$8)-1-Assumptions!$C$6 -> 0.090105263 | H23: =(1+(Assumptions!$C$6 + $B23/10000))/(1+H$8)-1-Assumptions!$C$6 -> 0.061846154 | I23: =(1+(Assumptions!$C$6 + $B23/10000))/(1+I$8)-1-Assumptions!$C$6 -> 0.035 | J23: =(1+(Assumptions!$C$6 + $B23/10000))/(1+J$8)-1-Assumptions!$C$6 -> 0.0094634146 | ... O23: =(1+(Assumptions!$C$6 + $B23/10000))/(1+O$8)-1-Assumptions!$C$6 -> -0.10156522 | P23: =(1+(Assumptions!$C$6 + $B23/10000))/(1+Assumptions!$C$6)-1 -> 0.03458498
B24: =Assumptions!$C$15 + 15*Assumptions!$C$16 -> 375 | C24: =(1+(Assumptions!$C$6 + $B24/10000))/(1+C$8)-1-Assumptions!$C$6 -> 0.22270588 | D24: =(1+(Assumptions!$C$6 + $B24/10000))/(1+D$8)-1-Assumptions!$C$6 -> 0.18742857 | E24: =(1+(Assumptions!$C$6 + $B24/10000))/(1+E$8)-1-Assumptions!$C$6 -> 0.15411111 | F24: =(1+(Assumptions!$C$6 + $B24/10000))/(1+F$8)-1-Assumptions!$C$6 -> 0.12259459 | G24: =(1+(Assumptions!$C$6 + $B24/10000))/(1+G$8)-1-Assumptions!$C$6 -> 0.092736842 | H24: =(1+(Assumptions!$C$6 + $B24/10000))/(1+H$8)-1-Assumptions!$C$6 -> 0.064410256 | I24: =(1+(Assumptions!$C$6 + $B24/10000))/(1+I$8)-1-Assumptions!$C$6 -> 0.0375 | J24: =(1+(Assumptions!$C$6 + $B24/10000))/(1+J$8)-1-Assumptions!$C$6 -> 0.011902439 | ... O24: =(1+(Assumptions!$C$6 + $B24/10000))/(1+O$8)-1-Assumptions!$C$6 -> -0.099391304 | P24: =(1+(Assumptions!$C$6 + $B24/10000))/(1+Assumptions!$C$6)-1 -> 0.037055336
B25: =Assumptions!$C$15 + 16*Assumptions!$C$16 -> 400 | C25: =(1+(Assumptions!$C$6 + $B25/10000))/(1+C$8)-1-Assumptions!$C$6 -> 0.22564706 | D25: =(1+(Assumptions!$C$6 + $B25/10000))/(1+D$8)-1-Assumptions!$C$6 -> 0.19028571 | E25: =(1+(Assumptions!$C$6 + $B25/10000))/(1+E$8)-1-Assumptions!$C$6 -> 0.15688889 | F25: =(1+(Assumptions!$C$6 + $B25/10000))/(1+F$8)-1-Assumptions!$C$6 -> 0.1252973 | G25: =(1+(Assumptions!$C$6 + $B25/10000))/(1+G$8)-1-Assumptions!$C$6 -> 0.095368421 | H25: =(1+(Assumptions!$C$6 + $B25/10000))/(1+H$8)-1-Assumptions!$C$6 -> 0.066974359 | I25: =(1+(Assumptions!$C$6 + $B25/10000))/(1+I$8)-1-Assumptions!$C$6 -> 0.04 | J25: =(1+(Assumptions!$C$6 + $B25/10000))/(1+J$8)-1-Assumptions!$C$6 -> 0.014341463 | ... O25: =(1+(Assumptions!$C$6 + $B25/10000))/(1+O$8)-1-Assumptions!$C$6 -> -0.097217391 | P25: =(1+(Assumptions!$C$6 + $B25/10000))/(1+Assumptions!$C$6)-1 -> 0.039525692
B26: =Assumptions!$C$15 + 17*Assumptions!$C$16 -> 425 | C26: =(1+(Assumptions!$C$6 + $B26/10000))/(1+C$8)-1-Assumptions!$C$6 -> 0.22858824 | D26: =(1+(Assumptions!$C$6 + $B26/10000))/(1+D$8)-1-Assumptions!$C$6 -> 0.19314286 | E26: =(1+(Assumptions!$C$6 + $B26/10000))/(1+E$8)-1-Assumptions!$C$6 -> 0.15966667 | F26: =(1+(Assumptions!$C$6 + $B26/10000))/(1+F$8)-1-Assumptions!$C$6 -> 0.128 | G26: =(1+(Assumptions!$C$6 + $B26/10000))/(1+G$8)-1-Assumptions!$C$6 -> 0.098 | H26: =(1+(Assumptions!$C$6 + $B26/10000))/(1+H$8)-1-Assumptions!$C$6 -> 0.069538462 | I26: =(1+(Assumptions!$C$6 + $B26/10000))/(1+I$8)-1-Assumptions!$C$6 -> 0.0425 | J26: =(1+(Assumptions!$C$6 + $B26/10000))/(1+J$8)-1-Assumptions!$C$6 -> 0.016780488 | ... O26: =(1+(Assumptions!$C$6 + $B26/10000))/(1+O$8)-1-Assumptions!$C$6 -> -0.095043478 | P26: =(1+(Assumptions!$C$6 + $B26/10000))/(1+Assumptions!$C$6)-1 -> 0.041996047
B27: =Assumptions!$C$15 + 18*Assumptions!$C$16 -> 450 | C27: =(1+(Assumptions!$C$6 + $B27/10000))/(1+C$8)-1-Assumptions!$C$6 -> 0.23152941 | D27: =(1+(Assumptions!$C$6 + $B27/10000))/(1+D$8)-1-Assumptions!$C$6 -> 0.196 | E27: =(1+(Assumptions!$C$6 + $B27/10000))/(1+E$8)-1-Assumptions!$C$6 -> 0.16244444 | F27: =(1+(Assumptions!$C$6 + $B27/10000))/(1+F$8)-1-Assumptions!$C$6 -> 0.1307027 | G27: =(1+(Assumptions!$C$6 + $B27/10000))/(1+G$8)-1-Assumptions!$C$6 -> 0.10063158 | H27: =(1+(Assumptions!$C$6 + $B27/10000))/(1+H$8)-1-Assumptions!$C$6 -> 0.072102564 | I27: =(1+(Assumptions!$C$6 + $B27/10000))/(1+I$8)-1-Assumptions!$C$6 -> 0.045 | J27: =(1+(Assumptions!$C$6 + $B27/10000))/(1+J$8)-1-Assumptions!$C$6 -> 0.019219512 | ... O27: =(1+(Assumptions!$C$6 + $B27/10000))/(1+O$8)-1-Assumptions!$C$6 -> -0.092869565 | P27: =(1+(Assumptions!$C$6 + $B27/10000))/(1+Assumptions!$C$6)-1 -> 0.044466403
B28: =Assumptions!$C$15 + 19*Assumptions!$C$16 -> 475 | C28: =(1+(Assumptions!$C$6 + $B28/10000))/(1+C$8)-1-Assumptions!$C$6 -> 0.23447059 | D28: =(1+(Assumptions!$C$6 + $B28/10000))/(1+D$8)-1-Assumptions!$C$6 -> 0.19885714 | E28: =(1+(Assumptions!$C$6 + $B28/10000))/(1+E$8)-1-Assumptions!$C$6 -> 0.16522222 | F28: =(1+(Assumptions!$C$6 + $B28/10000))/(1+F$8)-1-Assumptions!$C$6 -> 0.13340541 | G28: =(1+(Assumptions!$C$6 + $B28/10000))/(1+G$8)-1-Assumptions!$C$6 -> 0.10326316 | H28: =(1+(Assumptions!$C$6 + $B28/10000))/(1+H$8)-1-Assumptions!$C$6 -> 0.074666667 | I28: =(1+(Assumptions!$C$6 + $B28/10000))/(1+I$8)-1-Assumptions!$C$6 -> 0.0475 | J28: =(1+(Assumptions!$C$6 + $B28/10000))/(1+J$8)-1-Assumptions!$C$6 -> 0.021658537 | ... O28: =(1+(Assumptions!$C$6 + $B28/10000))/(1+O$8)-1-Assumptions!$C$6 -> -0.090695652 | P28: =(1+(Assumptions!$C$6 + $B28/10000))/(1+Assumptions!$C$6)-1 -> 0.046936759
B29: =Assumptions!$C$15 + 20*Assumptions!$C$16 -> 500 | C29: =(1+(Assumptions!$C$6 + $B29/10000))/(1+C$8)-1-Assumptions!$C$6 -> 0.23741176 | D29: =(1+(Assumptions!$C$6 + $B29/10000))/(1+D$8)-1-Assumptions!$C$6 -> 0.20171429 | E29: =(1+(Assumptions!$C$6 + $B29/10000))/(1+E$8)-1-Assumptions!$C$6 -> 0.168 | F29: =(1+(Assumptions!$C$6 + $B29/10000))/(1+F$8)-1-Assumptions!$C$6 -> 0.13610811 | G29: =(1+(Assumptions!$C$6 + $B29/10000))/(1+G$8)-1-Assumptions!$C$6 -> 0.10589474 | H29: =(1+(Assumptions!$C$6 + $B29/10000))/(1+H$8)-1-Assumptions!$C$6 -> 0.077230769 | I29: =(1+(Assumptions!$C$6 + $B29/10000))/(1+I$8)-1-Assumptions!$C$6 -> 0.05 | J29: =(1+(Assumptions!$C$6 + $B29/10000))/(1+J$8)-1-Assumptions!$C$6 -> 0.024097561 | ... O29: =(1+(Assumptions!$C$6 + $B29/10000))/(1+O$8)-1-Assumptions!$C$6 -> -0.088521739 | P29: =(1+(Assumptions!$C$6 + $B29/10000))/(1+Assumptions!$C$6)-1 -> 0.049407115
B31: 解讀
B32: • 最右欄「損益兩平SGD變動」= 該利差下，SGD 需升值多少，借 USD 才與借 SGD 等價。
B33: • 例：利差 250bps → SGD 需升值約 2.47%，借 USD 才划算；否則借 SGD 較便宜。
B34: • 矩陣中白色帶即為損益兩平邊界，其右側(SGD升值)為綠、左側(SGD貶值)為紅。
B35: • 調整 Assumptions 的利差、SGD 利率或格點設定，整張表會自動重算。
