Workbook

Sheet Assumptions
B2: 借貸成本敏感度分析 — 假設 (Assumptions)
B4: 核心參數
B5: SGD 利率 (borrow SGD) | C5: 0.012 | D5: 藍字=可調整輸入。基準SGD借款利率
B6: USD 利率 (borrow USD) | C6: =C5+C7/10000 -> 0.037 | D6: 公式: = SGD利率 + Spread/10000 (自動維持一致)
B7: 利率 Spread (USD − SGD, bps) | C7: 250 | D7: 目前 250 bps；改此值會反推USD利率
B8: SGD/USD 即期匯率 (1 SGD = ? USD) | C8: 0.775 | D8: 1 新幣可換得的美金。0.775 表示 1 SGD = 0.775 USD
B9: 借款本金 (以本幣計) | C9: 100 | D9: 名目本金，單位百萬 (mm)。純為換算方便
B10: 借款期間 (年) | C10: 1 | D10: 1年 = 直接年化利率比較
B12: 匯率情境設定
B13: 情境貶/升值下限 | C13: -0.1 | D13: 本幣相對外幣變動的最不利/最有利端
B14: 情境貶/升值上限 | C14: 0.1
B15: 情境步長 | C15: 0.05 | D15: 格點間距
B17: 利率情境設定
B18: 利率衝擊下限 (bps) | C18: -100 | D18: 對兩邊利率同步施加的平行衝擊
B19: 利率衝擊上限 (bps) | C19: 100
B20: 利率衝擊步長 (bps) | C20: 50
B22: 說明
B23: • 「考慮匯兌風險的借貸成本」= 名目利率 + 借款期間內本幣相對外幣的貶值(%)。
B24: • 借外幣時，若本幣貶值，還款換算回本幣的成本上升 → 有效成本 = (1+外幣利率)×(1+外幣升值) − 1。
B25: • FX情境以「本幣相對外幣的變動」表示：正值=本幣升值(對借外幣者有利)，負值=本幣貶值。
B26: • 兩張情境表分別以 SGD 與 USD 為記帳(home)幣別，直接比較誰的全包成本較低。

Sheet FX情境_SGD記帳
B2: 情境表：以 SGD 記帳，借 USD vs 借 SGD 的全包成本
B3: 情境：借USD、以SGD衡量成本。若SGD貶值(列為負)，USD債務換回SGD變貴。
B5: 借 SGD 名目利率 | E5: =Assumptions!$C$5 -> 0.012
B6: 借 USD 名目利率 | E6: =Assumptions!$C$6 -> 0.037
B7: 借 SGD 的全包成本 (無匯兌風險) | E7: =E5 -> 0.012
B10: 借 USD 的全包成本 (含匯兌，以 SGD 衡量)
B11: 列 = SGD 相對 USD 的變動 (正=升值)
B12: SGD 變動 | C12: 借USD全包成本 | D12: 借SGD成本 | E12: 成本差 (借外幣−借本幣) | F12: 較優選擇
B13: =Assumptions!$C$13 + 0*Assumptions!$C$15 -> -0.1 | C13: =(1+$E$6)/(1+B13)-1 -> 0.15222222 | D13: =$E$7 -> 0.012 | E13: =C13-D13 -> 0.14022222 | F13: =IF(C13<D13,"借USD","借SGD") -> 借SGD
B14: =Assumptions!$C$13 + 1*Assumptions!$C$15 -> -0.05 | C14: =(1+$E$6)/(1+B14)-1 -> 0.091578947 | D14: =$E$7 -> 0.012 | E14: =C14-D14 -> 0.079578947 | F14: =IF(C14<D14,"借USD","借SGD") -> 借SGD
B15: =Assumptions!$C$13 + 2*Assumptions!$C$15 -> 0 | C15: =(1+$E$6)/(1+B15)-1 -> 0.037 | D15: =$E$7 -> 0.012 | E15: =C15-D15 -> 0.025 | F15: =IF(C15<D15,"借USD","借SGD") -> 借SGD
B16: =Assumptions!$C$13 + 3*Assumptions!$C$15 -> 0.05 | C16: =(1+$E$6)/(1+B16)-1 -> -0.012380952 | D16: =$E$7 -> 0.012 | E16: =C16-D16 -> -0.024380952 | F16: =IF(C16<D16,"借USD","借SGD") -> 借USD
B17: =Assumptions!$C$13 + 4*Assumptions!$C$15 -> 0.1 | C17: =(1+$E$6)/(1+B17)-1 -> -0.057272727 | D17: =$E$7 -> 0.012 | E17: =C17-D17 -> -0.069272727 | F17: =IF(C17<D17,"借USD","借SGD") -> 借USD
B20: 損益兩平 FX 變動 (借外幣=借本幣時的本幣升貶): | E20: =(1+$E$6)/(1+$E$7)-1 -> 0.024703557
B21: → SGD 變動 (正=升值) 高於此值時借 USD 較省；低於此值時借 SGD 較省。

Sheet FX情境_USD記帳
B2: 情境表：以 USD 記帳，借 SGD vs 借 USD 的全包成本
B3: 情境：借SGD、以USD衡量成本。若USD貶值(列為負)，SGD債務換回USD變貴。
B5: 借 USD 名目利率 | E5: =Assumptions!$C$6 -> 0.037
B6: 借 SGD 名目利率 | E6: =Assumptions!$C$5 -> 0.012
B7: 借 USD 的全包成本 (無匯兌風險) | E7: =E5 -> 0.037
B10: 借 SGD 的全包成本 (含匯兌，以 USD 衡量)
B11: 列 = USD 相對 SGD 的變動 (正=升值)
B12: USD 變動 | C12: 借SGD全包成本 | D12: 借USD成本 | E12: 成本差 (借外幣−借本幣) | F12: 較優選擇
B13: =Assumptions!$C$13 + 0*Assumptions!$C$15 -> -0.1 | C13: =(1+$E$6)/(1+B13)-1 -> 0.12444444 | D13: =$E$7 -> 0.037 | E13: =C13-D13 -> 0.087444444 | F13: =IF(C13<D13,"借SGD","借USD") -> 借USD
B14: =Assumptions!$C$13 + 1*Assumptions!$C$15 -> -0.05 | C14: =(1+$E$6)/(1+B14)-1 -> 0.065263158 | D14: =$E$7 -> 0.037 | E14: =C14-D14 -> 0.028263158 | F14: =IF(C14<D14,"借SGD","借USD") -> 借USD
B15: =Assumptions!$C$13 + 2*Assumptions!$C$15 -> 0 | C15: =(1+$E$6)/(1+B15)-1 -> 0.012 | D15: =$E$7 -> 0.037 | E15: =C15-D15 -> -0.025 | F15: =IF(C15<D15,"借SGD","借USD") -> 借SGD
B16: =Assumptions!$C$13 + 3*Assumptions!$C$15 -> 0.05 | C16: =(1+$E$6)/(1+B16)-1 -> -0.036190476 | D16: =$E$7 -> 0.037 | E16: =C16-D16 -> -0.073190476 | F16: =IF(C16<D16,"借SGD","借USD") -> 借SGD
B17: =Assumptions!$C$13 + 4*Assumptions!$C$15 -> 0.1 | C17: =(1+$E$6)/(1+B17)-1 -> -0.08 | D17: =$E$7 -> 0.037 | E17: =C17-D17 -> -0.117 | F17: =IF(C17<D17,"借SGD","借USD") -> 借SGD
B20: 損益兩平 FX 變動 (借外幣=借本幣時的本幣升貶): | E20: =(1+$E$6)/(1+$E$7)-1 -> -0.024108004
B21: → USD 變動 (正=升值) 高於此值時借 SGD 較省；低於此值時借 USD 較省。

Sheet 2D敏感度_SGD借USD
B2: 二維敏感度：借 USD 全包成本 (以 SGD 衡量)
B3: 列 = 利率平行衝擊 (bps，兩邊同步) ; 欄 = SGD 相對 USD 變動 (正=升值)
B6: USD利率+衝擊 \ SGD變動 | C6: =Assumptions!$C$13 + 0*Assumptions!$C$15 -> -0.1 | D6: =Assumptions!$C$13 + 1*Assumptions!$C$15 -> -0.05 | E6: =Assumptions!$C$13 + 2*Assumptions!$C$15 -> 0 | F6: =Assumptions!$C$13 + 3*Assumptions!$C$15 -> 0.05 | G6: =Assumptions!$C$13 + 4*Assumptions!$C$15 -> 0.1 | H6: 借SGD成本
B7: =Assumptions!$C$18 + 0*Assumptions!$C$20 -> -100 | C7: =(1+(Assumptions!$C$6+$B7/10000))/(1+C$6)-1 -> 0.14111111 | D7: =(1+(Assumptions!$C$6+$B7/10000))/(1+D$6)-1 -> 0.081052632 | E7: =(1+(Assumptions!$C$6+$B7/10000))/(1+E$6)-1 -> 0.027 | F7: =(1+(Assumptions!$C$6+$B7/10000))/(1+F$6)-1 -> -0.021904762 | G7: =(1+(Assumptions!$C$6+$B7/10000))/(1+G$6)-1 -> -0.066363636 | H7: =Assumptions!$C$5+$B7/10000 -> 0.002
B8: =Assumptions!$C$18 + 1*Assumptions!$C$20 -> -50 | C8: =(1+(Assumptions!$C$6+$B8/10000))/(1+C$6)-1 -> 0.14666667 | D8: =(1+(Assumptions!$C$6+$B8/10000))/(1+D$6)-1 -> 0.086315789 | E8: =(1+(Assumptions!$C$6+$B8/10000))/(1+E$6)-1 -> 0.032 | F8: =(1+(Assumptions!$C$6+$B8/10000))/(1+F$6)-1 -> -0.017142857 | G8: =(1+(Assumptions!$C$6+$B8/10000))/(1+G$6)-1 -> -0.061818182 | H8: =Assumptions!$C$5+$B8/10000 -> 0.007
B9: =Assumptions!$C$18 + 2*Assumptions!$C$20 -> 0 | C9: =(1+(Assumptions!$C$6+$B9/10000))/(1+C$6)-1 -> 0.15222222 | D9: =(1+(Assumptions!$C$6+$B9/10000))/(1+D$6)-1 -> 0.091578947 | E9: =(1+(Assumptions!$C$6+$B9/10000))/(1+E$6)-1 -> 0.037 | F9: =(1+(Assumptions!$C$6+$B9/10000))/(1+F$6)-1 -> -0.012380952 | G9: =(1+(Assumptions!$C$6+$B9/10000))/(1+G$6)-1 -> -0.057272727 | H9: =Assumptions!$C$5+$B9/10000 -> 0.012
B10: =Assumptions!$C$18 + 3*Assumptions!$C$20 -> 50 | C10: =(1+(Assumptions!$C$6+$B10/10000))/(1+C$6)-1 -> 0.15777778 | D10: =(1+(Assumptions!$C$6+$B10/10000))/(1+D$6)-1 -> 0.096842105 | E10: =(1+(Assumptions!$C$6+$B10/10000))/(1+E$6)-1 -> 0.042 | F10: =(1+(Assumptions!$C$6+$B10/10000))/(1+F$6)-1 -> -0.0076190476 | G10: =(1+(Assumptions!$C$6+$B10/10000))/(1+G$6)-1 -> -0.052727273 | H10: =Assumptions!$C$5+$B10/10000 -> 0.017
B11: =Assumptions!$C$18 + 4*Assumptions!$C$20 -> 100 | C11: =(1+(Assumptions!$C$6+$B11/10000))/(1+C$6)-1 -> 0.16333333 | D11: =(1+(Assumptions!$C$6+$B11/10000))/(1+D$6)-1 -> 0.10210526 | E11: =(1+(Assumptions!$C$6+$B11/10000))/(1+E$6)-1 -> 0.047 | F11: =(1+(Assumptions!$C$6+$B11/10000))/(1+F$6)-1 -> -0.0028571429 | G11: =(1+(Assumptions!$C$6+$B11/10000))/(1+G$6)-1 -> -0.048181818 | H11: =Assumptions!$C$5+$B11/10000 -> 0.022
B13: 對照：借SGD全包成本 (基準利率，隨衝擊) → 見 H 欄
B14: 借SGD成本 = SGD利率 + 同步衝擊 (無匯兌風險)；格內數值低於同列 H 欄 → 借USD較省

Sheet 2D敏感度_USD借SGD
B2: 二維敏感度：借 SGD 全包成本 (以 USD 衡量)
B3: 列 = 利率平行衝擊 (bps，兩邊同步) ; 欄 = USD 相對 SGD 變動 (正=升值)
B6: SGD利率+衝擊 \ USD變動 | C6: =Assumptions!$C$13 + 0*Assumptions!$C$15 -> -0.1 | D6: =Assumptions!$C$13 + 1*Assumptions!$C$15 -> -0.05 | E6: =Assumptions!$C$13 + 2*Assumptions!$C$15 -> 0 | F6: =Assumptions!$C$13 + 3*Assumptions!$C$15 -> 0.05 | G6: =Assumptions!$C$13 + 4*Assumptions!$C$15 -> 0.1 | H6: 借USD成本
B7: =Assumptions!$C$18 + 0*Assumptions!$C$20 -> -100 | C7: =(1+(Assumptions!$C$5+$B7/10000))/(1+C$6)-1 -> 0.11333333 | D7: =(1+(Assumptions!$C$5+$B7/10000))/(1+D$6)-1 -> 0.054736842 | E7: =(1+(Assumptions!$C$5+$B7/10000))/(1+E$6)-1 -> 0.002 | F7: =(1+(Assumptions!$C$5+$B7/10000))/(1+F$6)-1 -> -0.045714286 | G7: =(1+(Assumptions!$C$5+$B7/10000))/(1+G$6)-1 -> -0.089090909 | H7: =Assumptions!$C$6+$B7/10000 -> 0.027
B8: =Assumptions!$C$18 + 1*Assumptions!$C$20 -> -50 | C8: =(1+(Assumptions!$C$5+$B8/10000))/(1+C$6)-1 -> 0.11888889 | D8: =(1+(Assumptions!$C$5+$B8/10000))/(1+D$6)-1 -> 0.06 | E8: =(1+(Assumptions!$C$5+$B8/10000))/(1+E$6)-1 -> 0.007 | F8: =(1+(Assumptions!$C$5+$B8/10000))/(1+F$6)-1 -> -0.040952381 | G8: =(1+(Assumptions!$C$5+$B8/10000))/(1+G$6)-1 -> -0.084545455 | H8: =Assumptions!$C$6+$B8/10000 -> 0.032
B9: =Assumptions!$C$18 + 2*Assumptions!$C$20 -> 0 | C9: =(1+(Assumptions!$C$5+$B9/10000))/(1+C$6)-1 -> 0.12444444 | D9: =(1+(Assumptions!$C$5+$B9/10000))/(1+D$6)-1 -> 0.065263158 | E9: =(1+(Assumptions!$C$5+$B9/10000))/(1+E$6)-1 -> 0.012 | F9: =(1+(Assumptions!$C$5+$B9/10000))/(1+F$6)-1 -> -0.036190476 | G9: =(1+(Assumptions!$C$5+$B9/10000))/(1+G$6)-1 -> -0.08 | H9: =Assumptions!$C$6+$B9/10000 -> 0.037
B10: =Assumptions!$C$18 + 3*Assumptions!$C$20 -> 50 | C10: =(1+(Assumptions!$C$5+$B10/10000))/(1+C$6)-1 -> 0.13 | D10: =(1+(Assumptions!$C$5+$B10/10000))/(1+D$6)-1 -> 0.070526316 | E10: =(1+(Assumptions!$C$5+$B10/10000))/(1+E$6)-1 -> 0.017 | F10: =(1+(Assumptions!$C$5+$B10/10000))/(1+F$6)-1 -> -0.031428571 | G10: =(1+(Assumptions!$C$5+$B10/10000))/(1+G$6)-1 -> -0.075454545 | H10: =Assumptions!$C$6+$B10/10000 -> 0.042
B11: =Assumptions!$C$18 + 4*Assumptions!$C$20 -> 100 | C11: =(1+(Assumptions!$C$5+$B11/10000))/(1+C$6)-1 -> 0.13555556 | D11: =(1+(Assumptions!$C$5+$B11/10000))/(1+D$6)-1 -> 0.075789474 | E11: =(1+(Assumptions!$C$5+$B11/10000))/(1+E$6)-1 -> 0.022 | F11: =(1+(Assumptions!$C$5+$B11/10000))/(1+F$6)-1 -> -0.026666667 | G11: =(1+(Assumptions!$C$5+$B11/10000))/(1+G$6)-1 -> -0.070909091 | H11: =Assumptions!$C$6+$B11/10000 -> 0.047
B13: 對照：借USD全包成本 (基準利率，隨衝擊) → 見 H 欄
B14: 借USD成本 = USD利率 + 同步衝擊 (無匯兌風險)；格內數值低於同列 H 欄 → 借SGD較省
